-41,-99
8,-22
-48,-100
-17,96
-60,68
-48,-100
-75,-100
-43,57
19,-100
33,-96
1,90
-14,85
-12,57
-11,-74
-37,35
-33,-100
48,69
-10,-71
52,-10
-57,97
-20,-72
-53,-42
-44,-99
-30,-100
-25,-100
-22,-98
-56,-16
35,94
-6,-100
-3,100
-33,45
-14,-97
-39,-97
-14,65
-61,-100
-13,-94
-33,-27
-28,70
-30,37
-14,95
-40,-100
-36,56
-23,17
-51,97
25,43
-24,88
-40,66
2,7
-13,73
-35,-43
-24,-100
-20,-99
-28,-13
-28,0
15,91
-8,63
-34,-100
31,-100
12,2
37,98
-6,-56
-13,45
-18,-79
38,68
-19,-63
-22,-100
-35,-99
-22,87
-19,-100
-12,-99
-34,-100
-33,-97
-12,14
7,-5
-33,-6
-54,42
-29,-95
-12,31
-31,-61
12,-10
6,-45
-38,-29
-33,-100
-23,-100
-14,-100
-14,68
-38,93
-26,-76
-26,-100
-48,-54
-11,35
-43,-99
-34,-89
-32,35
-7,19
-39,-68
-34,70
-18,-52
-27,-68
40,14
-8,-14
-44,12
-32,-95
-21,22
-39,94
9,-35
-14,-70
-29,-97
-36,-7
-38,66
-41,81
-19,21
-18,99
-18,-10
-66,-90
-35,36
-11,-97
3,53
-38,-1
-11,-79
-38,-96
-34,-44
-44,-38
-17,85
-26,-100
-47,-100
38,49
-8,33
-30,-97
-43,41
-26,68
-13,-90
5,-76
-16,-6
6,-91
11,-98
-24,-100
-11,-100
-7,-87
9,-76
-19,95
-58,-99
-18,39
-3,-18
38,-100
-35,-100
-5,-47
-35,99
22,26
-12,42
-6,-15
42,44
4,-98
-17,-90
3,18
46,-92
-32,35
-18,93
-25,-41
-31,-100
-8,18
-39,-82
32,50
-21,-14
-12,-95
29,-100
-42,-100
-44,99
-9,-100
-32,-59
-13,-13
-41,-51
20,-5
-21,70
-14,-78
-35,-100
-41,-90
27,-100
33,-46
-67,-15
-3,-67
0,13
-14,100
-70,-74
14,89
-53,-100
-1,-96
-34,94
-66,-30
4,-93
4,-48
-12,-99
-14,-74
-43,91
-22,89
-33,-29
-37,-63
25,40
12,99
7,-31
-34,-6
42,-36
-46,-100
-10,-9
-39,-22
-4,-99
-32,97
34,44
-28,-94
-18,96
-5,-100
-40,-100
-52,9
-13,34
24,94
-19,-21
-10,-100
-18,76
-6,50
-23,68
-34,-98
-22,-41
-15,35
-4,-39
-12,74
-23,-10
-26,79
21,42
21,-49
-9,39
-15,86
-61,-97
-18,45
-22,-66
-28,92
-54,-41
8,-100
-2,-4
-41,-68
-18,-96
-29,-73
-22,94
58,82
-56,-48
-46,99
-38,-46
-9,-36
21,88
6,89
-21,-90
-28,-100
-16,-100
-26,-54
4,7
-27,-100
-32,-100
-14,-99
-17,-100
36,69
-2,-100
-62,-100
-37,-13
-2,-99
-18,-79
-27,68
-36,-99
-26,-77
-5,-94
7,80
-20,-89
-7,92
-35,-79
11,52
-45,25
-24,93
-14,-100
18,87
-33,-91
-58,-86
-8,61
-65,78
24,-100
-11,-34
-3,-74
0,98
-5,-100
8,-96
-60,-66
-14,47
0,-83
-31,1
-2,-99
-3,-100
4,-83
12,89
6,-100
-15,-100
-13,-100
1,-24
-28,96
-4,74
42,64
1,48
-16,-100
8,84
-36,-97
-25,-85
-57,-100
-6,75
-13,96
41,99
-11,-100
-14,-59
1,-97
-31,-100
-20,35
-35,-84
-20,-92
-21,-64
-29,-56
-25,-32
-54,-100
-11,35
-5,37
-18,-100
-54,77
15,-35
1,-100
-5,70
-24,24
-31,-28
-20,-95
-2,100
-12,17
-25,-43
29,-100
-64,-97
-25,-95
-33,45
-8,-76
-55,-65
13,51
1,-7
-23,-100
31,-64
4,81
4,-61
-6,79
-30,-100
0,-56
-16,52
-37,-68
-31,-84
1,94
-27,98
-30,-100
-37,-100
53,90
5,-71
15,-68
-13,98
-24,-19
-34,-100
-37,76
-48,-100
-21,-100
53,-100
-43,-100
6,41
31,-89
-18,17
19,-100
-73,-100
-6,-98
-73,-100
-7,-100
5,-97
-13,30
-8,18
-20,-100
-33,-98
-7,-74
-6,-75
-47,-51
-29,-100
-9,-100
-35,-92
2,92
-37,-84
19,-100
20,98
-18,-100
-21,44
-21,-97
12,-15
-3,-100
-58,-100
-45,35
1,98
12,45
-47,-100
-30,57
-24,-97
2,76
-33,-100
-21,-12
-39,-99
-53,-100
-9,52
-39,-100
-44,74
-1,95
-33,79
-11,-67
89,1
-33,20
-21,-92
-14,-73
23,68
16,60
38,-96
-20,-36
-40,-79
-11,-87
-40,42
-33,-98
-65,-100
-25,94
-2,-30
-3,98
-38,-68
-6,49
-23,-99
-4,-86
-53,89
0,-82
9,10
-52,-87
10,95
-30,-32
50,-91
10,-60
-11,-100
3,-100
17,-75
-15,-89
-31,-49
0,-99
-44,-100
7,-99
-31,-83
-23,-37
-31,23
-27,98
24,-38
-29,52
-20,-100
-39,16
-6,-65
-27,-13
-2,38
-38,22
-28,19
-20,-100
15,-100
-4,97
-45,-100
-37,-97
-3,-82
-1,-96
-43,95
20,80
-18,80
-17,99
-18,-25
-10,-31
-25,-100
-19,-82
-32,-99
-17,2
-39,-99
-11,-98
13,-90
-24,35
-34,76
-15,-100
3,82
-3,-100
30,-69
-20,-100
-19,-81
-42,4
-62,-100
42,85
0,98
-45,-90
32,-70
-32,96
-26,-29
-38,93
-20,-100
22,-100
-34,-11
-43,-49
-36,-95
-25,-5
-21,-99
-4,-33
-12,-100
25,-99
-7,-100
6,-85
-16,35
-25,29
47,-85
-17,69
-34,-78
0,-94
-16,71
-18,-98
10,99
30,79
10,-11
-2,-98
-16,-82
-42,16
-10,-91
-37,-23
-48,99
15,-54
-32,18
-56,-64
-2,-22
-40,-56
-6,-100
1,-98
-36,100
-27,35
2,-64
-40,-92
-38,11
-16,-72
-16,-43
-29,47
-35,-99
2,46
-47,76
-31,-99
-50,-99
16,-42
-43,25
-20,-85
-9,-90
-35,17
-29,17
-31,-100
-14,58
-12,58
-11,-95
-30,-100
-57,-98
-30,42
-41,-79
-1,86
-15,-43
48,28
-1,80
-22,-97
-13,100
-13,-96
-31,1
7,81
-21,-30
-19,-100
-17,-100
-17,-100
-22,-98
-23,-22
72,1
-17,-100
32,71
11,-100
-19,-71
-11,-99
-38,-21
27,66
-44,-100
-18,-92
9,91
-29,83
-40,-30
-16,97
-28,-16
-17,-31
-40,-100
-56,-82
-27,13
-10,-75
-3,-42
-19,58
-43,-100
25,78
15,49
-42,-83
8,84
-20,-100
-27,-57
30,72
-12,-92
-50,-97
-33,-71
1,-86
-35,-23
7,-98
-43,-100
-27,47
-26,51
18,-94
-41,-100
4,79
-21,-5
-47,-100
-19,-22
-13,-31
-21,-76
-20,7
-33,-10
0,-95
-44,-94
13,94
-5,94
-8,91
-27,-77
-40,-46
-29,-39
-27,78
-27,-46
-35,-25
-8,-76
-8,42
-21,-71
-23,-100
-56,-100
-29,96
-42,-100
-25,3
-1,38
-12,-72
-26,-93
74,76
-39,-100
-46,-92
-31,93
0,8
-8,-87
-19,-87
-38,-23
1,27
-11,-99
-25,-100
-42,-100
-23,-100
-14,-1
-21,-5
-21,-3
-22,69
-18,-76
-19,-95
-6,-41
-19,88
-45,-100
-12,-96
12,-51
-37,-57
-7,22
-17,-22
-17,16
-5,-93
-36,-94
-34,-88
-26,-100
-7,-27
-21,-99
-15,-93
-11,61
24,-84
-47,-100
4,-100
-46,-100
15,88
-24,69
-59,-100
30,-99
-54,-55
-34,-100
8,38
7,-100
-48,-7
-2,99
-13,19
-7,-74
-17,7
-40,-99
-39,-61
5,88
14,13
13,24
27,-96
-18,78
-34,-16
-55,-17
19,83
5,40
14,-39
-62,72
-9,-95
-38,-18
-22,-93
-22,89
-27,-90
-61,-100
-5,-37
-23,-98
-17,-13
-21,-47
42,10
-6,91
-56,-100
23,-92
-48,-100
-25,-11
-24,-95
-34,-50
-42,-88
-38,-20
1,91
68,-96
-22,98
-41,-44
-24,-99
-27,-96
-19,-90
-52,63
-26,95
-33,-99
-49,-96
46,46
-25,-100
13,-90
-17,93
-34,-58
26,-92
-22,-3
-39,20
-12,91
-61,-97
-10,37
-10,-99
6,-94
-34,-85
-39,-56
-12,15
31,-89
-31,-69
20,-17
-46,71
-7,-81
-10,84
-12,-78
-25,-93
13,-100
-51,-79
-49,-98
-51,-80
17,-100
38,84
-29,56
-14,100
-49,-38
1,-32
-28,-63
-34,3
-38,-100
-35,-91
-15,100
-32,50
-38,31
-19,-52
17,-28
-19,-26
5,78
-29,-100
-61,-65
-23,-100
3,-34
-16,-78
4,90
-32,-98
-22,-100
-68,-83
-33,-100
0,-81
-37,-31
-23,73
-9,-10
-49,-89
-39,28
-36,-91
0,5
19,95
18,-97
-29,-63
-25,-91
-11,-44
-31,40
-32,-31
4,74
16,90
-37,-56
-23,-100
13,-94
-26,-68
-34,-74
-22,32
41,95
9,94
-21,-100
-4,-97
8,-100
-46,-96
-20,-31
43,-100
-43,21
-17,-73
-25,-100
-28,-33
-23,-87
-19,58
8,34
-21,-26
0,-80
-7,-100
-31,-76
-35,-92
-59,-100
-42,-60
-24,-90
-33,26
-1,-95
39,-100
-2,-97
-13,54
-27,-100
-33,-83
-15,-86
4,-1
-16,76
-14,7
-36,-99
-6,-18
-4,-99
9,-100
-43,-100
-43,-97
44,94
-6,16
-37,-100
-14,-95
-72,-54
-20,-100
-42,-99
-49,9
-15,-58
-40,-96
-49,-99
3,98
-7,-21
-19,-100
-33,34
-29,7
-12,-79
-16,-88
-6,-66
38,-100
-35,24
-32,51
-11,-100
-19,-100
-5,82
4,88
23,-83
-26,-59
-10,92
-44,41
-19,-90
15,81
17,-51
-41,96
-23,-56
17,-100
17,34
5,-100
-21,-96
-45,-100
-38,2
-14,97
-51,-67
-17,67
1,-99
-23,-99
-30,57
23,-100
-36,94
-5,34
-7,-97
-48,32
-28,-1
-27,16
13,-100
-10,-100
-31,84
-19,-91
-43,-83
-45,-91
-19,86
-10,16
-45,-79
-21,-1
-38,-36
-1,-97
-42,12
-12,-97
-17,-74
-65,-42
-22,-100
-37,99
-17,-28
-9,-63
11,-42
-4,83
-13,85
-40,-45
-14,-100
-30,-100
-4,-100
-43,-95
-20,-100
-44,-87
29,-79
-18,23
12,-100
4,7
-12,97
-59,-92
-6,-63
-47,-91
-37,-100
-53,42
-22,-23
18,-100
-31,-100
-26,-37
-21,-66
-33,84
-4,15
6,-94
-41,-100
-55,-39
-13,-97
-4,-72
-54,-97
-27,-16
-3,-53
-28,79
-65,-100
-41,-88
-31,-100
-14,-76
-20,-92
50,65
-4,-47
-17,-97
-52,-78
-16,-14
-24,-58
12,-100
-35,100
-19,17
17,-48
-27,1
-19,-93
27,-22
-6,34
-21,-99
9,-100
-27,-99
-4,-70
-35,4
-29,66
-10,4
-71,-100
-25,99
6,-100
-35,-35
-60,-100
-10,72
5,-100
-21,-88
-15,-100
-28,-52
-29,-100
-30,-36
4,-100
19,41
-26,-91
-13,41
-24,-43
-13,-89
-49,-34
7,14
-29,70
4,-96
-2,-97
-45,6
-3,-100
-19,-97
-40,-23
-20,49
15,-100
-60,16
-23,-29
-30,100
-8,-100
-1,-100
-4,27
-32,-100
-43,0
-6,-86
-44,-97
-27,-94
-50,28
-21,-98
-48,-76
-44,75
6,-58
-21,36
-11,35
-35,-71
-32,-99
13,-55
-19,-100
41,-99
-9,-100
-25,42
-16,75
-11,-88
-28,-98
-12,94
18,-100
-39,-100
-40,-64
-54,-6
-34,8
-24,1
-39,39
21,-17
-15,97
7,-100
-42,-100
-21,83
-43,-100
-32,35
-29,-89
3,-63
-9,-97
-30,-99
-47,-100
-25,95
-24,-96
13,38
-28,-97
-42,-98
-19,-78
-35,-58
-11,58
-15,-94
-27,83
3,80
-3,16
-53,-100
34,-63
36,49
-21,11
26,76
60,86
-31,-87
25,96
-15,100
-47,31
-16,-85
7,-100
-40,78
-49,20
-24,49
6,21
-8,0
-49,-100
-13,-2
3,-100
-9,-98
-35,-27
-28,-88
-45,-32
-38,-84
-10,93
37,34
-20,-88
-38,-86
-13,4
-10,-98
-7,73
25,-100
-2,-90
-27,-18
1,-100
-9,-2
-29,-100
-27,-100
-24,38
-30,-87
-41,-100
-32,89
-28,-88
-15,-99
-3,-88
-48,-100
-34,5
-9,-35
3,71
-52,-80
-21,-59
-10,-99
-33,-16
12,96
-51,-2
-44,76
-37,75
-44,-100
-32,-72
-36,66
-28,-26
-58,-29
-65,-28
-44,88
-38,16
-47,-89
-18,-49
1,-97
-25,94
-13,-84
-27,60
-18,-25
-13,-28
-3,-99
-9,-100
-28,40
-14,85
2,43
-49,-92
3,25
8,-34
-24,57
-42,-100
-13,99
-4,-18
-17,-99
9,37
-19,-52
-15,26
-6,-100
16,-100
-1,69
-45,100
-2,-3
-11,43
-36,75
-40,-95
-9,-98
39,77
-33,-100
14,83
-5,-96
-36,26
1,-95
-12,-64
-40,50
-53,27
-7,-95
-41,92
-26,-86
-45,-85
3,6
7,-100
6,-11
38,-100
-36,-51
-23,-91
-51,-47
1,-45
-28,1
4,4
-23,-99
-49,-97
-34,50
-51,-100
-41,95
-19,27
-20,-98
-33,-87
-9,-14
-33,-96
-23,72
-45,-48
5,-52
0,21
-36,-97
-34,-100
-32,-100
-18,-98
-1,-36
-27,-91
-36,-92
-15,95
-15,35
-29,33
20,74
18,32
-24,-100
6,91
-32,-100
-44,-92
-64,-91
13,-20
30,-76
-32,94
-29,-98
3,100
-26,-65
-1,88
-22,22
-52,-98
-40,-40
-32,-99
-16,-93
-34,-59
-14,-100
23,98
8,94
-10,-95
-66,51
-28,-100
-47,-72
5,-16
-16,57
-24,9
-36,58
16,-98
-11,-55
-12,-97
-30,51
-33,56
1,-96
15,-92
-8,96
-13,-98
-63,55
-18,-68
-23,97
11,29
-37,-97
9,-51
-37,-36
-3,76
19,37
22,63
-4,99
-40,-84
6,-77
-42,-100
-7,-7
-3,-43
-26,25
-9,-93
-8,-47
-19,-69
11,-99
-20,-70
-12,95
-58,86
15,-34
-21,45
-34,-61
-59,-99
13,-14
-59,-75
-31,-72
-21,70
-47,-69
-22,35
-46,-100
38,-58
32,18
8,-100
-76,-100
28,-96
-4,-99
-18,-27
-36,-96
-4,-100
3,47
7,-98
-14,44
10,-100
-14,80
57,-99
-21,-100
-33,18
-18,76
-51,30
2,72
-14,-85
-22,-100
-15,100
18,-91
-42,60
-5,87
-31,-94
18,92
-8,-67
-37,-71
-24,-83
9,-93
-27,-96
-14,96
-35,-2
0,-98
-36,56
4,-100
0,98
-3,-100
-52,-31
-28,-100
5,-8
-39,-100
16,33
-17,9
-35,-98
-17,-98
-40,-42
-33,90
-34,-100
-38,-100
-3,-91
-13,94
50,-91
-47,-100
7,-98
24,58
-26,99
-18,-100
-22,-100
-6,90
65,84
-42,-100
-4,66
-22,46
-34,-12
-36,3
-5,76
47,-99
-8,-99
-4,96
-16,76
-18,-98
-34,74
-13,-58
9,70
-57,-65
-5,-76
18,-100
-29,-97
-17,-84
2,-100
-21,-100
-44,-97
-32,89
-34,18
-38,-98
-20,-100
-29,-100
-20,72
-46,35
-58,-100
20,-100
-58,-77
3,-100
-10,-39
-32,-82
20,-71
21,71
-19,97
23,85
-23,-23
-24,96
-37,-100
22,99
24,94
-12,-43
-32,-67
-37,-58
6,-77
-32,97
13,78
-19,91
-46,-100
5,-52
22,18
-11,47
-26,-97
-59,-100
-10,-100
-34,-87
-32,-80
6,-82
5,-97
-13,64
-50,5
-55,-99
-20,-81
-4,96
-22,-28
1,-6
-54,-96
-39,78
-36,-100
-8,17
-49,-97
-32,-99
33,-99
14,34
-36,-10
-28,9
-11,75
28,-100
-16,-100
-52,-50
23,-95
35,-60
-26,-98
-28,-97
-51,-89
33,56
-14,-41
-14,92
7,60
-30,80
-13,81
-42,85
0,-7
21,-100
-12,-97
-18,-99
-41,85
-25,-57
-40,-100
-11,-40
-21,36
-23,-100
-1,-100
12,-89
-31,-87
15,-100
-26,-99
-17,1
58,-45
-39,-96
13,-100
-14,-90
-37,-27
-23,-100
25,-87
-45,-94
-33,75
-2,-47
-39,-31
-28,-99
0,84
-38,-99
-1,75
7,-83
24,65
13,-100
-11,96
30,100
-7,-100
-22,-15
-20,-100
22,-81
3,85
-6,-99
-37,-100
-50,99
-39,82
-24,-53
-34,-95
-42,-59
-30,-99
10,-21
-20,18
-7,-73
2,53
-29,-100
1,-98
-10,-100
0,-16
-33,-42
-9,97
-21,-77
-47,-100
-44,-48
-45,-100
-37,-98
-20,27
-34,93
-30,11
-6,-97
-15,-100
-17,-100
-18,35
5,-100
17,-87
19,-97
24,-99
-11,-5
-1,11
-7,-100
11,-100
-4,-86
20,-100
-39,-100
-15,85
-25,-23
-54,-100
-50,-98
-22,-97
26,-100
-20,-83
-38,-22
-44,-100
-31,-98
-6,53
-17,-100
-48,-95
-39,-59
-9,-74
-25,92
-40,-100
-31,-56
39,38
-24,-100
-42,91
-28,-99
17,-5
12,85
9,-91
-36,88
-41,54
0,41
-17,-56
-12,60
-25,-100
-17,-77
-30,-100
-32,-38
19,-100
-32,96
-13,-18
-18,71
-26,78
22,-77
-41,35
-15,-42
-3,-100
-7,-95
-42,-100
-43,-82
-19,-66
-28,90
-21,-100
75,-78
-6,72
-11,-97
-23,-73
-27,-100
-30,91
-14,-99
-4,97
-6,-100
-25,-100
17,50
31,-99
-2,-93
-37,29
-31,-53
23,94
-33,-98
-4,81
32,-78
-36,97
-17,99
1,-91
-9,94
3,-98
1,-57
-34,47
-12,-100
-61,-100
-31,-58
1,-73
-24,18
24,87
-30,-99
-66,-94
-6,-39
-4,100
-42,-100
-14,0
-23,-65
-32,-100
-18,-14
8,5
-18,51
-26,9
-12,-25
-21,-95
76,61
-5,-97
-23,50
-8,-99
-18,-77
-60,-100
-50,37
18,76
13,93
5,99
23,-62
-56,-98
-57,-100
-36,-80
16,72
-53,-56
-49,-100
-29,37
-63,-100
-23,97
3,90
-8,63
26,99
-13,61
-39,-98
-49,-100
-23,97
15,-29
3,-99
-26,-14
14,80
-48,-12
15,-98
6,-45
34,84
-23,-94
-27,30
-32,80
-19,-100
-5,-39
54,-100
-17,97
-30,96
11,-99
-30,-42
-55,-100
-52,-80
-3,-95
-9,-100
-4,8
-29,-8
24,-91
-18,39
11,45
-4,-100
-27,-100
-31,-100
-7,-74
26,17
-47,27
-14,-41
-29,4
-44,-100
-24,90
12,9
68,27
-41,2
-15,-26
-10,-73
-28,-100
19,15
14,-4
-19,35
-42,57
-60,-100
-12,-52
-2,-100
50,38
-38,95
81,73
-55,44
-15,-48
2,-72
3,72
-33,97
5,-100
-25,-33
32,-82
-20,-74
-31,-100
-43,-100
-14,-94
-26,-97
-29,42
-35,7
-35,-55
-21,-66
-2,-97
-11,-100
-7,95
6,-43
-19,-100
-4,-100
-37,59
-12,-80
-3,-69
-6,5
-48,99
41,79
-14,43
-30,-100
-55,-90
11,-11
-16,98
-22,-3
8,3
28,-100
-12,-29
-35,52
-23,-97
-31,-100
-24,22
-3,-65
2,-18
23,-92
-14,-100
1,47
-15,-84
47,-1
-37,-92
4,-11
-40,65
10,-100
-26,90
-27,-94
-11,-76
-31,-60
-9,-30
7,-100
-25,-100
-40,-82
-17,-74
-43,-98
-13,-100
-35,-70
-14,-99
-13,-100
-34,-91
-5,-64
-28,77
-19,65
1,-100
-21,97
18,-95
-37,-100
-31,-68
-30,100
-24,13
16,51
26,8
-16,-100
-57,-93
2,11
-31,-86
-36,-100
-41,41
-33,-100
-40,-92
-28,5
-15,-86
-36,82
-19,-27
-27,12
-55,77
-51,-97
-6,12
3,-63
-41,83
-25,-35
4,-100
0,-100
-36,78
-39,35
-6,94
37,51
-27,39
-14,-94
24,-1
-12,57
10,-100
7,-100
-18,-97
-32,-100
-10,-100
-6,-49
-8,-95
26,11
-34,-94
-32,-90
-14,-44
14,65
-31,-39
-37,-100
-6,97
-39,-87
-5,100
-31,-97
-23,91
-22,-43
30,99
31,-98
7,-100
-38,-77
0,35
-40,-55
-15,-13
-37,-66
-51,-12
3,-100
-30,-100
26,-92
-31,-100
-53,-98
-48,-35
-47,-100
55,32
28,100
-15,42
-32,-100
52,-57
-43,-67
4,-100
-48,36
-34,11
-30,-98
1,6
-41,-4
-27,-100
-12,68
-11,-58
-12,77
-54,-93
-23,-96
1,83
-2,-37
-6,-100
-8,96
-43,-21
-24,-99
-15,-96
-32,3
-6,51
-15,-88
7,-81
-3,58
-20,-100
-28,-100
-1,-92
1,-19
-26,10
-40,28
-57,24
-8,17
-37,-84
-37,77
-55,-100
-23,-52
-29,-36
-17,-100
-42,93
-50,-100
-33,-96
7,-93
-34,-50
-57,90
10,32
57,20
-42,60
7,14
-31,-100
2,4
-36,-71
-22,-100
2,-65
-44,-96
11,-100
-13,-100
-10,87
-54,-94
4,-20
-10,61
-1,32
-32,33
-34,89
-39,-99
7,100
-14,4
-35,-99
1,-96
-45,-100
-10,-93
-15,-47
26,-45
-17,-100
-22,-100
-54,97
-45,-50
9,-96
-16,-100
1,-50
-42,-100
-15,-100
3,97
-18,-68
-2,84
-18,87
-15,-97
-29,64
2,17
-43,-96
-37,65
-31,48
18,48
-39,-97
-25,-97
-34,-99
-16,-99
-24,-100
16,-50
1,56
-39,-39
29,-100
-2,88
-19,-88
25,-60
-35,-87
9,23
-49,-100
-23,33
-29,-89
4,-98
-29,-20
7,95
9,-89
41,-97
-6,42
-28,-99
41,-70
11,32
-13,-100
-44,-16
27,94
13,31
0,1
-27,-59
-49,-100
2,-64
19,-33
7,98
-20,65
-36,-100
-49,-100
23,47
-9,99
-13,47
-15,-100
-10,34
-35,-100
-19,-91
-31,49
13,-83
-3,-61
-8,33
0,-75
-38,-88
-24,-21
-34,-100
-50,-97
3,-4
15,-100
-13,-55
-40,-77
-7,-74
-42,-36
2,-77
-33,-77
-16,38
-52,-88
-33,-92
-1,-96
-33,100
7,-99
3,97
7,-100
-44,-27
-42,-100
8,-99
-5,-92
12,-23
-26,97
9,-58
-39,-18
-17,-53
-2,-64
-38,-36
10,-100
34,90
-11,-44
-40,-41
9,7
13,-100
-25,62
-8,87
-12,-100
-13,-33
-14,27
-8,-100
-38,100
-33,-74
17,70
-34,54
-61,39
0,92
-27,-96
4,-87
-29,-100
-44,-99
-27,-100
-39,-42
9,-29
-1,0
-17,27
-24,35
-43,96
24,52
-26,69
50,-99
-9,-100
57,92
16,69
-27,35
20,-94
-44,-78
-52,87
-19,12
-27,87
-55,-100
3,96
-1,-100
-28,-100
36,-87
-45,-86
-1,-15
19,-94
-52,-57
-31,-59
1,-39
-4,20
-36,-99
8,-74
-17,-36
-35,-100
-12,-94
24,99
3,97
-44,-99
-10,-20
-14,-100
-10,-13
12,-70
0,41
-16,-64
0,-68
-45,-94
-37,-26
-50,-52
-32,35
26,87
36,50
14,10
-23,24
-53,-59
-7,-3
17,-11
-8,-79
-15,-95
-22,-41
7,50
-15,23
-10,63
73,-59
-60,-48
-36,-34
-45,-99
-32,83
-24,-11
-10,100
-50,-77
-30,-100
10,71
7,92
-3,72
-22,15
-3,-100
-9,81
-20,74
-16,-86
-20,-36
9,65
-24,26
9,-11
-38,98
-37,42
-51,100
-47,-68
-32,-94
-1,93
-21,-84
-11,30
-46,-77
-19,-100
-26,-100
-34,-100
-19,-28
6,-37
-7,-80
10,-47
-31,-23
7,-100
13,-95
-20,-99
-2,-100
-23,63
-46,-97
18,28
-35,-84
-5,-100
63,-52
22,47
-4,5
-18,-25
5,76
-26,-90
-37,-53
30,100
-31,35
-3,-4
-2,-100
-13,-98
-6,7
-18,-99
-46,-67
-14,-33
-11,75
0,-96
-2,80
9,24
-18,-99
-59,-100
-27,-100
9,19
-41,-90
8,18
-16,-88
-17,-69
-22,-3
-35,-11
-15,34
-8,36
-25,-99
-34,56
-40,87
-32,67
-37,-100
-33,-60
-27,-96
43,72
30,51
-42,-49
-21,100
-13,62
2,-69
-24,-99
-24,-92
-9,-21
28,28
-35,-93
-10,-100
11,21
-22,-98
3,-37
-19,-98
-46,75
-12,-39
-32,-98
13,-5
-9,-79
4,62
-42,86
-42,-41
-39,-100
-16,93
7,97
20,29
-13,47
-10,-100
32,65
-31,-100
-13,-11
-53,-99
28,-16
-15,35
-49,-85
-9,-83
-44,-100
25,-99
0,75
-37,100
-14,-58
-35,-99
-16,57
-10,-100
-20,-100
-15,-62
-3,-82
-20,36
-56,14
-28,97
-20,84
-15,-99
1,-99
-13,35
-14,-94
-11,-98
11,-44
-13,35
-30,-53
-9,-13
-11,-47
-71,-72
-7,-91
-21,-72
-12,-53
31,-94
42,-100
-5,-98
-8,0
-26,94
14,-100
-19,59
-19,94
-29,72
-19,-71
-1,13
-9,-45
1,-19
-29,-82
-33,-94
12,-51
-32,-81
-20,74
12,53
13,-84
38,-98
8,86
-25,-93
-46,-53
-4,91
-30,-20
-11,-100
-24,-99
23,66
9,-98
-48,-67
-30,-100
-44,-89
-18,-96
-33,19
7,-93
-17,35
-38,-98
-21,92
-13,-94
-32,51
3,72
-39,98
10,-8
15,8
-29,-64
-46,-100
3,-86
-2,-74
9,-100
-26,40
-14,90
-11,-100
-19,63
-33,-97
-31,99
-72,-20
-21,84
-12,-100
-27,-21
7,-100
-19,-4
-9,-99
-9,-91
-71,-100
-57,-80
18,34
-56,-100
22,56
-26,-100
-38,-58
6,-78
-3,56
-28,-89
-26,52
-9,-100
-11,81
-60,15
-59,-30
-25,-40
-18,61
8,-71
-5,75
-12,-100
-40,27
21,-17
-26,94
-16,-73
3,-100
-38,-100
-16,-99
-5,-99
-6,100
-34,-50
-10,-94
-36,47
-32,91
-2,100
-26,63
-31,-100
-32,-52
-25,-95
-64,-93
8,-30
10,91
-4,-92
-42,20
-2,-83
-19,87
-31,1
-31,-100
0,-2
-17,-100
-29,-57
30,-67
9,91
-24,-99
8,-11
3,71
-19,-87
-54,-100
-15,-99
-62,-96
-1,-48
-14,-47
-28,-48
-32,-47
-10,64
-51,-35
-25,24
-17,-89
7,11
-10,97
-1,39
-22,-47
-33,-99
-55,-92
-71,-26
-27,77
-51,-98
-19,59
-30,-27
-54,35
12,-100
-37,-31
-58,-53
70,-100
16,95
13,41
-13,72
-31,-26
12,-93
-27,-81
-20,-65
-32,5
62,-100
-25,95
-1,-100
-24,-100
-46,-100
-14,-100
19,94
-55,93
23,-96
-49,1
-19,23
-33,-97
32,-20
22,-99
-45,-100
-18,-100
-25,-99
1,97
-35,-16
-24,-93
-32,-86
-49,92
-36,-99
51,61
-30,-98
-34,-87
-30,93
-21,37
-19,-100
-37,88
4,-87
1,-41
-34,-100
-44,-99
14,57
4,-97
-9,-3
-26,-53
-17,57
-42,83
10,38
22,49
-47,-100
40,53
-11,54
19,-69
-41,67
-31,18
10,-97
-27,-8
-43,71
-43,-6
-4,90
-42,-99
-26,28
68,97
-26,-83
-25,99
-2,-100
-54,-84
-36,89
-10,-72
-7,-64
-16,-94
-49,-76
-34,-95
-1,96
-1,-56
-24,-97
5,-94
-16,-18
-21,60
-5,-81
5,-98
18,-99
-25,51
-20,-100
-3,56
-31,53
-43,93
-38,-98
-4,-97
-20,99
-31,-100
-33,87
-39,22
-34,2
11,-89
0,-81
-16,-18
-42,-49
31,5
-45,-36
-15,-10
5,-93
-31,-100
-41,25
8,-42
-49,-46
24,-99
-18,98
-65,-98
-56,-99
-6,-96
-15,34
-70,-99
-2,-94
-24,-89
-31,-100
-19,75
-8,-100
-20,-6
-17,100
31,-48
7,-84
-47,-36
-37,-98
-18,90
71,-42
-3,-2
-34,-87
-50,-79
-19,-77
-33,-98
-26,-100
15,-98
-30,-91
-5,-49
-34,-100
-74,-71
-13,-52
-14,96
-20,-80
62,-48
37,100
-32,-86
-7,18
3,39
37,-97
-4,47
17,-31
-25,83
-17,-72
-31,-24
-26,34
-27,-100
-12,-95
-21,34
36,83
-80,-44
-34,-60
-11,70
-4,-12
-53,93
-51,-59
-14,-85
-44,-38
-11,-50
-19,-20
-17,-53
-4,4
-47,93
-17,-100
17,-100
19,-100
1,-92
-9,100
9,-36
-56,-98
0,81
-8,98
-32,-100
-40,11
-42,36
-44,94
-22,-100
-42,-99
-35,6
-24,-100
-35,-11
-14,43
-36,-100
-21,35
-20,-77
-40,53
-25,-100
-49,-17
-35,-100
3,99
-14,-32
-6,-22
12,-13
-26,-22
21,-100
-5,37
23,19
-12,-85
10,-84
-20,-100
-12,-100
-22,12
3,63
-8,-27
-38,-27
-8,-48
47,88
3,35
3,95
-13,-99
-27,35
-7,-97
-24,70
0,4
-10,-37
-53,43
16,-77
-16,-33
19,-98
11,54
-39,-99
-6,5
-6,-9
-44,69
-33,72
-41,-94
-26,-85
-32,-100
-20,-91
-25,-100
-42,35
-17,-81
-12,67
-70,78
32,-90
-40,-100
-1,-100
11,-100
-49,-100
-2,97
-9,46
-57,-90
-20,-99
-19,-100
-35,-100
-38,-83
-30,100
-3,40
-41,-31
31,21
-22,-1
-69,-70
-17,9
-40,-100
-36,-94
-46,-100
-25,-31
15,-72
-19,-96
48,81
0,-100
-42,91
-23,-57
-29,-84
-3,93
-35,-69
-16,-99
-67,-35
7,-100
43,17
-40,25
-28,-98
23,42
-18,-86
-20,-99
-22,-91
6,-20
-7,-100
-51,-100
-48,-100
-43,-100
-54,-16
-37,-100
-24,-45
-54,-17
38,-100
-41,-23
-21,-22
-31,90
-20,-100
-9,-79
-30,-38
-3,-100
-4,-77
-14,74
-7,79
-38,-100
-27,-100
-2,-95
30,80
-25,-100
-38,-100
-43,-88
1,16
-4,28
35,-100
-26,97
-35,13
23,98
-46,-90
-20,45
-17,93
35,-96
-39,35
-42,-44
27,98
-7,95
-14,-100
69,63
-44,-56
44,60
-9,99
-11,2
-25,-36
-7,-100
-41,-100
-28,-100
-31,99
20,-95
-23,96
-25,41
-45,-98
8,95
-24,-4
-17,-99
-30,-100
41,-91
-6,-42
4,91
-19,2
-24,-100
-21,-100
-16,-100
-41,-12
0,-98
-26,-44
-25,90
1,88
-12,-98
-50,93
-46,-40
-22,-84
-28,35
-15,-100
39,-45
-16,81
1,75
-41,7
-40,-100
-41,66
-28,-31
-8,15
-15,-35
5,18
10,56
-9,93
-38,21
-1,36
-33,7
32,83
-49,-78
-46,-100
-7,-100
4,-23
-8,-100
30,-96
17,-97
-46,-41
-8,-98
-35,-100
-36,-86
-28,-100
1,-3
-37,-93
-5,93
-14,-57
-28,-55
-29,-6
-6,-52
-50,35
-3,-99
29,-93
-17,-27
-34,-93
-21,82
-31,-93
20,74
-35,11
6,29
-19,61
-41,7
-8,-100
-24,-96
-32,-99
4,33
6,-85
-26,-13
-53,-34
-3,38
-20,-80
-28,-74
-53,96
-8,-79
-23,100
-44,25
-34,-88
-12,-100
-6,-100
-11,60
0,-100
3,16
-35,70
56,28
8,98
33,-31
19,-100
3,-98
-23,-100
64,-27
-9,-22
-48,-96
-21,-65
-11,-97
-31,-58
22,-100
8,3
-1,99
-41,-85
-1,58
0,-99
-45,43
-35,-84
9,36
-4,-99
-25,-100
-18,-100
70,-99
-28,96
-11,35
5,-99
-21,11
-28,35
-24,-100
-2,21
0,-100
-6,-100
-50,16
7,-51
-15,-91
-1,73
-40,98
-13,-55
-27,72
-3,100
-17,-95
-45,-71
-12,67
-27,-74
-25,-24
-12,-69
-28,-100
18,-78
-28,-99
-41,88
-14,53
14,-100
-20,-87
-43,-77
-47,-76
8,-56
-24,-40
-48,47
-26,-85
11,19
-28,-53
-11,-81
14,-17
-53,-24
-3,-100
-47,76
-5,-100
-5,-70
-16,-64
-16,-100
-9,-95
43,98
-13,-100
-14,-91
86,-87
-16,-61
-20,-99
7,-17
-7,-84
18,-94
-28,-99
-29,-96
-22,50
-44,18
27,-72
-34,-37
6,-77
7,100
-12,5
-7,91
-27,-100
-7,-33
-66,-96
0,-97
31,-90
-13,4
-17,35
-41,-100
20,-56
42,-4
-7,-100
-8,-100
7,-93
-25,-99
-1,-46
-38,31
-36,-84
50,-77
-40,-72
-9,-30
-7,3
-24,73
-27,99
-54,-87
-53,-24
-11,-18
-20,-36
44,-95
14,-89
-29,-98
-33,-99
-36,-90
31,-99
-42,-100
-7,95
-15,-14
-8,0
-15,-13
4,31
28,97
3,-92
-13,84
-29,-100
-26,-88
24,57
-43,-47
-15,-78
-25,-98
-9,-15
13,-46
7,0
-23,-8
-10,-83
-52,-98
23,51
-54,24
12,-18
-12,-91
-26,-100
-3,-100
-6,100
-18,-83
-13,81
-6,-100
-21,-31
-17,-77
19,-100
-22,-80
85,-23
41,73
-18,81
-11,-94
-37,-32
-41,93
-27,-99
8,95
11,20
-14,42
-21,-23
-4,-99
-14,-88
0,-95
-25,-90
-6,-40
-38,-10
-55,-100
-47,-43
-28,95
71,-49
-20,-100
-36,-87
12,-79
-54,8
-40,54
-45,-100
-31,18
17,-6
-22,-100
-28,-91
-12,79
-51,-40
-29,-12
6,-98
-42,-96
-31,79
-11,-90
-17,97
-47,-88
8,78
-25,-35
-46,-82
2,-100
-18,-75
-24,60
32,51
-17,-13
-33,-99
-6,-87
-13,92
-27,-100
-55,-96
-29,-20
-18,94
-43,-98
-30,-100
-35,73
-13,-100
-35,-90
7,-96
-36,-9
-10,26
-10,-99
-12,-96
-24,-95
-20,-87
34,-5
-1,-100
-19,-31
-35,-84
-34,-77
-10,-100
-4,52
29,96
-32,61
-8,75
50,-99
27,92
-54,-8
-21,-42
-6,-15
-31,98
-58,64
-24,-100
42,-100
-24,68
-45,-100
-41,-99
-39,62
-43,-83
-40,-77
18,-84
-37,-100
-14,-89
-36,69
-55,91
-7,99
-20,-100
-4,100
-45,-100
3,3
-27,-91
-8,46
-11,-100
-8,-100
26,84
-33,-79
-34,-69
-32,4
-32,-99
-22,-85
-39,40
27,-95
-18,95
-7,-51
-6,-100
-46,-100
-30,-13
-36,66
29,-99
-39,49
-30,-100
-55,-91
-1,-38
-49,-100
22,48
-6,57
-52,-100
2,90
-54,-82
-78,-89
-41,-100
2,-76
2,3
-49,-98
-59,-78
-10,-7
53,-82
2,53
37,92
-31,-74
-44,3
-33,-77
-33,-38
-38,-100
-13,64
-14,86
-4,87
-16,91
-13,-99
-39,74
-24,-100
-42,-51
-2,-74
46,16
-8,4
-13,-100
-41,-100
-59,-95
15,39
14,-6
-19,-18
-31,-100
-8,-98
0,-48
-13,-100
0,-85
21,-80
-19,-59
-4,-34
-29,-80
-5,53
-23,-100
-31,-77
-24,30
-30,-99
-25,100
-59,-95
39,41
-4,50
-25,31
32,-100
17,100
-19,-52
-40,-24
19,-94
-50,-35
-14,33
-48,-100
-32,-14
-35,57
-43,-100
-28,-100
-1,43
-25,-100
-11,56
43,87
-37,-75
-1,96
34,-50
-8,93
-21,-98
-13,-60
-18,97
-28,-5
-32,-85
-32,-99
-33,-99
-10,-99
-12,-60
-7,87
-17,65
-12,-31
-20,48
-3,12
-17,-100
-25,-99
7,13
-49,-100
-77,-90
-38,-95
-32,-93
10,-85
-28,73
-3,-58
17,-99
41,98
-13,69
-22,-99
-6,-74
-50,96
8,-25
-29,-59
-30,-53
5,-80
-1,100
-34,-28
26,-96
-13,-67
-46,-47
-57,65
-16,45
-43,-100
1,98
12,-99
9,-19
-55,90
-27,-100
-20,72
-6,35
55,-100
-48,-44
21,79
-5,-49
-4,-98
-47,-96
-42,-14
-14,27
-48,-100
-43,-100
7,-98
-44,-93
2,-30
-33,-87
-24,-99
-8,-56
-19,-99
-23,54
20,65
11,-55
-25,-57
-6,25
44,6
-22,93
0,-20
-13,-91
-37,-3
-68,11
-15,5
-5,-96
-24,35
1,91
-38,-91
-44,-96
-13,-38
-1,38
-28,-98
-55,-97
-23,-97
6,-46
-32,-96
-24,-32
-23,83
-34,-77
-44,-22
28,-2
-10,-100
-13,-36
-21,-64
-20,-100
-36,46
-36,-89
-23,35
-45,81
-10,73
-13,47
-20,31
-38,90
-20,-100
-12,-100
-11,74
-13,-61
-66,-99
-28,-54
-23,-97
-37,-18
-29,-100
13,48
15,-79
-26,35
16,-46
-15,-53
-34,-98
6,-55
-41,-94
0,-97
-27,30
0,-26
-21,95
-18,-35
1,38
18,-100
-20,72
3,-77
-26,-100
-19,86
-14,27
-3,39
-55,58
-33,97
48,-6
56,-23
-44,-60
25,-29
-54,-98
61,-84
-7,21
-2,-100
-61,-100
-24,-69
-10,97
-8,-21
-1,-31
-33,-88
-7,97
-24,-40
-11,-100
-55,-90
-42,97
-24,-77
-24,-20
-3,-48
23,-39
28,-53
-10,-100
22,99
43,45
16,77
9,47
-34,-93
8,100
-49,48
2,-76
-41,-89
-38,-99
-39,-99
-26,78
-13,-95
-43,-21
-29,-33
-35,-100
-29,-100
-14,-75
-32,-77
-24,-100
12,-60
-26,-99
-51,-84
-16,32
-32,-90
-16,-35
-41,-100
-16,35
-48,-85
-46,36
-38,-100
-33,-62
-16,-99
-12,9
-46,-92
-24,-100
-39,-99
-44,-97
-24,-23
-42,-97
-4,-93
-1,-9
-14,-100
-28,-89
17,-99
-6,-96
-19,-100
-34,-100
-42,-69
-65,-80
8,83
-21,-99
-10,-99
33,73
-28,45
-33,34
10,-46
41,-11
-16,-97
-6,-95
-19,-74
-62,80
-7,-78
0,-79
-16,-59
-46,-99
-46,-56
8,-100
-33,-100
-52,67
5,18
-14,-98
29,-37
-1,-38
-30,-68
-29,-98
-22,27
-41,8
-38,-31
21,-93
-27,-44
-52,-100
-6,-93
4,-95
-23,-46
-53,-100
-29,-16
-40,-100
-30,-68
-35,17
-35,-61
-44,87
-35,-89
-74,-100
-13,-74
3,74
-35,91
-52,-77
-13,-100
15,-98
1,-100
-18,90
24,32
-35,-90
-48,-90
-6,-99
-32,-88
-31,35
13,82
-5,-94
-24,-100
3,-73
-17,88
-23,100
17,-31
-8,-31
27,-100
-24,-82
-25,-100
-55,-92
7,-11
30,-100
49,99
-5,44
-33,79
-14,-98
-4,-15
-60,-100
-13,35
-40,-99
-10,-97
-8,-100
-31,-100
-18,-57
-20,-23
16,93
-47,89
-57,54
-16,-53
-18,95
-21,-99
6,93
-8,-29
8,57
-29,-97
40,87
-65,-100
-37,-97
-8,-92
-18,-90
1,71
-11,-100
-44,27
-57,-100
-20,-46
-29,35
-3,8
-27,-100
-21,-94
-37,-72
-13,-85
-21,32
-3,34
-28,58
-12,-98
8,-12
-13,-11
-21,-41
-56,-100
-48,-85
-53,-58
-17,-100
-26,-95
-24,100
27,-98
-59,23
-50,-100
-37,-56
-7,88
-15,-100
-22,-89
25,27
-41,-100
-21,-98
7,70
-37,-28
-43,-57
18,-56
-12,34
-34,-30
-35,78
3,-100
-26,91
-16,0
36,-100
-3,83
-32,-99
-26,59
17,-100
-30,45
-5,-90
9,100
-23,-89
-3,-81
-7,-91
-70,98
-39,-78
3,36
-34,-100
-29,-87
-29,-100
-13,-100
-41,91
-43,-70
20,53
-18,-37
-31,-30
16,-91
-25,-81
-27,75
15,-53
-24,-99
-44,35
-6,-74
-34,-98
-3,-65
-41,84
-9,-98
-27,52
4,0
-65,-80
-25,71
-19,12
-17,-100
-15,-37
-11,96
-46,-100
-18,67
-18,-99
-56,-90
-4,-23
-7,-83
-5,-13
11,-95
35,61
-39,22
-8,-100
-18,-99
-5,94
-6,-100
-26,85
3,-98
-28,-54
-41,-100
0,100
-28,-100
-37,-100
-35,63
-17,-100
-6,-98
-13,-100
-20,-97
-6,-52
-29,-99
-22,-14
-62,-97
11,-28
23,-74
-38,-96
-30,18
-11,-25
-38,-81
-53,-100
-19,53
-27,-100
8,85
-7,-38
2,-100
-19,-99
-26,80
-16,70
-38,-51
-6,-65
-35,-100
29,30
-24,-82
-11,-99
-48,-95
42,85
-29,75
-11,-97
36,88
-3,99
-25,85
-34,-100
-33,-53
-11,-83
54,-16
-29,-49
-33,36
-14,-89
-22,45
-31,91
-43,82
-52,69
-7,-96
-48,-86
-21,17
6,-87
17,87
-25,12
-50,-100
-44,-68
24,94
17,19
-28,-52
-34,-95
27,-56
-18,-61
-19,-93
-14,-98
6,81
-28,-100
-48,34
-21,22
-48,-19
-29,-95
-24,36
40,-25
25,-67
16,93
-38,35
21,-80
-14,100
-39,-15
-39,-100
-23,-69
-22,9
61,-83
-48,-31
-59,-100
-40,81
-21,11
-1,-100
-29,70
-9,-79
7,22
-43,-35
12,37
-31,-98
-45,18
-37,-97
7,-34
-14,26
34,67
-23,-97
-8,20
-22,35
-12,-100
-56,-100
-9,36
-19,94
-20,-64
-10,-100
17,-67
-42,-40
15,-5
-9,-98
7,-100
-35,-73
-9,-100
-16,41
-47,-52
14,93
-31,-30
-50,-100
-29,75
-17,2
-13,-86
10,89
-44,-34
-38,-100
-33,70
-25,-89
-38,84
-36,86
-4,-46
-38,-100
-26,-67
-29,-95
-10,-47
-33,-66
60,80
-27,-46
-19,-93
-11,-87
-24,47
-25,94
-30,-72
-28,75
-54,-100
6,81
-1,92
-3,-100
-7,79
-11,77
-43,-100
18,46
-11,-100
-8,-49
-34,-88
17,-97
-7,-75
-20,86
-15,-14
-10,87
-34,25
-32,58
-41,-29
-12,51
-23,62
-43,-99
-27,-100
22,47
-45,-11
3,-100
-22,-100
9,-100
-41,-100
-52,99
-19,8
-7,-100
11,-75
-21,-34
-1,-100
23,70
-3,-44
28,-100
-12,3
0,-98
-30,-100
-23,2
-4,-99
-28,-31
-14,-86
-34,-100
-12,98
-24,-13
55,-100
-20,-100
2,97
-38,4
-6,-100
-51,99
-24,-100
-60,45
-21,-71
-5,15
-20,-82
-6,54
4,23
-46,-33
18,9
-8,31
-20,64
-11,-98
48,89
-19,95
18,-40
12,-98
-29,35
-28,-30
-33,16
-13,-100
-36,-90
-43,99
-12,95
26,-95
-39,-64
-62,-62
-29,65
-36,-100
-49,15
6,-100
-27,22
32,-74
-35,-41
-31,-63
-29,12
-27,-23
-13,96
-24,92
-38,-80
-12,97
-14,-73
-27,-99
-23,-65
-46,-57
-22,-99
-54,-97
-13,-44
-22,-100
-16,100
-46,-100
-70,-79
9,-41
1,-93
-38,87
-23,-22
50,54
-44,-10
-27,58
-37,47
-48,-98
-24,-87
16,88
-25,70
22,75
41,-94
2,-97
-4,-100
3,-96
-38,36
10,-63
-42,75
-35,-97
-40,-91
-15,-100
-20,82
50,-100
-40,47
-21,-81
62,-15
-45,32
-26,47
-48,-7
-25,73
-22,-100
4,-14
-1,31
-12,91
26,73
16,-98
-35,-97
15,-100
-14,-1
-24,-83
-24,-100
-30,68
-15,-92
-40,-20
7,9
-11,-31
21,34
7,-100
5,-77
-12,-85
-12,-100
-20,-37
9,-25
-16,-7
-18,-100
0,-99
-23,-100
29,-10
17,-90
-10,50
13,-83
-33,-86
-44,-99
-30,-37
-24,-94
-20,-85
-29,49
-39,-17
-26,-100
-29,95
-19,94
-31,-88
-9,59
-46,77
-14,-66
12,93
-68,-100
-74,-88
-6,-100
-23,-70
-46,80
-47,6
-34,-100
-45,-37
-40,-97
-23,30
-46,48
-27,-24
-59,-100
6,-90
-41,92
-51,-99
-21,35
-23,79
27,-94
-22,-100
10,-100
-41,-96
-24,-69
6,-73
-20,-98
-39,-79
-18,-100
69,56
-35,-100
48,-8
-2,47
10,83
-14,-93
5,51
-30,-100
15,20
-22,-100
-27,-98
-17,99
-57,60
-35,-35
-27,-100
13,85
-28,90
-26,-99
11,-64
-9,85
-8,-99
-25,-47
-55,-97
19,-18
-19,-73
2,-100
9,-91
32,92
28,22
-10,-79
-25,-100
-2,-31
-26,-90
6,17
-41,38
-25,-86
-6,82
-33,-100
-4,39
-32,-81
-13,90
-4,-98
-28,26
-58,-93
-43,-58
-66,-96
-28,-100
10,-98
-1,99
-50,-63
-1,-60
-7,-98
-37,-90
-2,-47
-22,-83
6,-58
-20,-100
-35,-90
26,100
-12,-79
-21,7
-26,20
-15,2
-24,-97
-15,-42
-47,-52
15,92
-38,71
-33,-100
-16,-61
3,-58
-24,-100
6,67
-18,-100
40,92
20,-8
-33,-96
-19,-12
-20,-100
-30,99
-14,25
-15,-61
-12,11
-36,-81
-37,-72
-50,99
-4,15
-30,-96
-27,-94
-12,36
-14,-90
-27,-39
-19,-95
-24,-100
-20,-98
-7,96
-61,-100
-13,0
-13,-92
-35,-97
-45,-99
-49,-100
-35,-100
28,-22
-13,71
2,69
-2,-99
-30,98
-32,14
-27,-100
-1,37
-7,-100
-12,-89
2,-11
0,-100
1,-2
-9,-95
19,34
-20,-45
-30,72
58,-100
-48,-100
-17,-99
-34,2
-42,-81
-75,-89
-21,82
-43,68
7,-3
23,10
20,12
-20,-39
-44,-52
-24,-51
-40,-47
-20,-31
-46,-83
-12,95
-11,-64
-10,11
-66,-72
25,-100
-27,75
-14,-94
-17,-83
-24,-88
-7,-30
-22,-35
1,-97
-7,-46
-17,-26
-35,-99
-26,-100
9,95
-59,-83
-26,13
-10,-91
-32,38
15,-52
-26,78
1,-68
-37,23
-25,71
-55,-100
-33,58
9,-100
-10,-100
-60,78
-22,-98
-57,-24
-20,-100
-8,-92
-45,-89
-40,-53
-22,3
-3,75
3,-10
11,61
-31,-100
6,-20
-3,85
-23,46
-11,-29
-8,-64
-23,78
-10,-100
-9,-100
-4,61
-52,66
-14,-100
-30,69
-18,-100
-46,-95
-41,-45
8,-84
-16,-82
-40,96
-6,-100
-7,-40
-24,66
-34,61
-5,50
-47,66
-35,89
-30,-99
87,-100
12,96
-4,-94
-17,-99
9,39
-17,-46
-43,-100
-17,38
-21,-100
-19,49
17,-95
-29,-97
26,92
6,-33
-52,-100
15,-97
-74,-100
-9,-94
-8,86
14,8
-8,-48
-18,-100
10,-3
-19,-95
27,-98
6,86
-40,-58
-43,-59
-25,-100
-27,-100
-8,62
-34,-100
-3,-100
-24,-51
-30,72
-13,-98
10,-70
49,95
-15,58
-24,-97
3,-97
-36,-92
-10,17
-42,-100
-17,-99
-5,70
-17,79
-34,77
-3,35
-38,-100
-49,57
-53,10
-25,48
-5,-100
-7,-47
-44,-63
-26,-100
-42,-45
-10,-46
-43,-95
-26,-22
-55,-83
-17,81
-64,34
-8,-100
1,-90
-24,-99
-17,97
-37,44
14,-34
-50,-97
-22,-72
-24,-73
-38,-96
-4,-100
-69,-99
50,60
-13,-100
-10,51
-19,-88
-12,-31
0,73
-19,35
-17,20
-16,57
-36,-14
-15,-81
-16,-91
-13,-100
-60,-97
2,87
-27,-27
-21,-50
-29,-70
-47,78
-20,-100
-75,-69
-26,-97
-37,1
18,81
9,-100
-61,-100
-10,-56
-24,-22
19,-100
-22,35
11,-90
21,39
-25,-82
-19,20
-46,98
-34,87
1,4
-39,95
-8,91
-46,-100
-7,68
-55,38
-31,-99
3,-99
49,-100
-19,-94
48,22
-26,-100
-27,-100
-29,-98
-15,12
-59,99
-1,49
-18,-75
-27,-95
-11,27
-15,-60
-50,-31
-2,-100
-24,-93
-42,-100
-2,85
-38,-96
-24,87
10,94
-30,67
-7,94
33,-100
-4,98
-18,0
-29,-100
-51,-83
-23,28
-47,-100
6,-50
-45,-100
36,66
-1,-8
-31,99
-39,-92
-35,85
-45,31
-30,48
-54,98
-9,28
-12,-26
30,-98
-46,-98
-27,-83
-52,-18
-28,-100
-22,-31
-13,-85
0,98
22,61
-12,-97
-16,15
-36,35
-6,-100
-14,52
-16,29
-8,22
8,10
-28,-80
-42,-97
21,-100
-58,-100
-41,98
-40,98
-50,14
-55,-100
-9,40
-42,-100
-33,100
-3,-56
38,-100
-17,97
19,79
-20,76
-32,90
-24,90
-26,-100
-52,-100
-22,-79
11,-62
-53,-69
-30,-83
-29,99
7,-93
-23,-67
-7,-88
-8,-33
-16,-100
1,-9
-18,-63
-23,-100
-36,-100
-33,-86
-29,-9
-33,-98
-27,-100
-39,56
-39,-64
-42,-29
-53,-99
-21,-100
19,57
21,-64
12,29
-40,-57
-36,35
-49,67
-27,40
-47,-100
-67,-55
-12,-68
-50,-56
-29,46
6,69
2,-72
-30,93
-38,39
-19,-10
-42,100
-57,60
-34,-59
-22,61
-14,100
-9,53
-33,-87
9,76
-45,-68
5,2
-3,-79
-6,95
8,-71
9,57
-51,-88
-17,100
-7,94
6,-80
-32,-100
-37,89
-18,35
-25,-71
-64,-69
-46,-41
-9,51
-48,-69
8,-100
46,80
-63,16
-17,-98
-24,-100
14,-78
-21,-100
-44,-72
-44,46
7,-100
-18,81
-53,-100
-28,-97
-48,-15
-6,-75
8,-39
-11,-11
3,-99
29,29
-36,-5
-28,-100
-31,-100
-9,-91
-11,-96
-29,-74
5,-100
-43,-98
-10,-96
38,24
22,-100
2,-99
2,-71
6,100
-18,-10
-18,-100
-19,-99
11,71
-54,-100
6,-17
-31,78
-48,-1
-18,-100
-33,-41
-42,7
-24,-99
-15,91
-32,-100
-32,-73
-45,-100
-47,-92
3,-46
-54,-100
-17,45
22,-73
-3,-23
1,-92
-42,-20
-30,-71
-25,-70
-7,59
-49,-41
-32,56
-70,59
-16,32
-69,-84
-38,-86
-4,91
-12,-75
-20,-84
-16,-79
12,-83
-15,-42
11,-83
-43,55
-38,38
-13,-100
-9,-100
-12,-91
-27,29
-52,-98
17,79
-20,95
-53,91
-23,43
-9,-69
-40,-95
2,-43
-8,26
1,98
-9,-96
-4,-18
31,-99
1,-100
-2,-24
-30,61
-34,-100
-57,-4
-33,-100
-35,44
-59,-4
-36,-68
-34,8
-20,-91
4,56
-22,-96
-13,-8
-14,96
-3,-100
-7,-26
-45,66
-14,98
-17,-24
-52,-100
-23,-37
-35,-81
-12,-77
14,-100
-42,6
-37,-82
-29,35
-45,43
-28,-100
-28,42
-3,96
-14,13
-49,-98
-3,83
6,-55
-5,-90
-12,54
-13,-85
-74,96
-11,-100
-27,-99
-41,84
-54,-100
-18,92
-49,35
-31,-100
1,-86
-36,-56
10,-98
-15,-100
-47,-100
-42,-36
-26,-100
-45,-71
-18,-89
-66,-14
-32,40
-34,-100
-51,-100
-10,-77
-38,29
-21,-38
-2,97
-33,44
-25,67
-43,61
-34,-100
-44,-98
2,-100
-35,98
-26,-96
1,20
-11,-100
-34,54
-32,-100
-26,-100
22,97
-64,-90
-22,69
-24,-93
-10,96
-26,-100
-43,-100
9,-98
8,79
23,97
26,86
-63,-83
-3,91
0,-54
4,-81
-21,-9
-16,-99
-42,65
-9,81
-17,-57
-2,-93
-24,24
35,-38
-50,-92
-29,-91
-31,-99
-18,57
-48,-56
-34,-96
-53,-94
-22,100
19,-34
-10,-99
-17,-91
-43,-100
-47,-96
-32,-23
-35,-93
10,-46
-18,4
-28,40
-19,-99
-24,-100
-20,-88
17,-100
-41,-100
-25,-93
-60,25
9,-100
-12,-44
-21,13
-15,-100
-2,79
-52,-100
-52,-3
-33,35
-23,-99
-13,-80
-8,13
8,-32
-7,-51
3,98
-44,-62
5,-97
-37,-37
1,45
-38,92
-21,-100
-20,-25
-38,96
-17,-93
-38,-93
-26,-100
-31,-39
-34,-64
-13,-91
9,93
6,-45
0,-56
-32,-79
-14,-97
10,-90
-43,-99
-58,-38
-36,-91
-22,-22
-3,96
5,-100
1,76
1,-86
-3,27
-62,-37
-38,-100
1,-100
-26,68
-38,99
-16,-100
-42,-85
-4,29
29,-100
18,43
-13,-1
-6,59
-27,-100
-29,-100
-19,-100
-15,77
-49,-61
-6,67
-21,-100
18,97
-33,-100
-30,-100
7,-99
-15,-42
21,-52
15,85
41,99
-14,-77
-6,39
-59,65
-19,-53
-2,-100
-33,20
2,-98
-11,-94
-44,34
-25,-100
-1,43
-26,-8
-1,-100
11,1
-8,-75
-3,-100
18,-57
-13,-77
-30,-99
-5,100
-22,100
-18,97
-7,45
20,-94
-29,100
-31,-90
4,82
-11,-45
-9,-100
9,37
-26,-96
-48,-100
-31,-92
-76,-97
18,78
-1,-92
-9,-99
-26,-81
-29,-100
1,-99
-26,83
-17,65
-27,-24
-59,-68
-51,-100
-2,33
24,96
-5,-98
-16,-96
-11,-93
36,22
-44,96
-16,84
3,99
-36,-83
-15,-100
-27,-28
-3,-100
-1,-20
-57,-72
-2,-100
19,59
-17,86
30,-99
-27,-9
-12,-76
-48,-94
-45,100
-3,-64
-34,-98
35,96
-1,99
6,-51
-51,0
-8,-84
-10,63
-35,-97
-6,-100
-58,-98
-4,-66
-46,-100
38,49
-54,-100
-26,-98
-36,98
-35,-62
-22,96
-20,-96
-7,-100
-12,95
-3,95
-51,-62
-7,-56
1,23
-20,-100
-18,-100
-38,-94
-43,-99
-23,-14
36,-32
-12,-99
-23,-100
-41,-79
17,-81
-1,-37
-41,95
3,49
-35,-90
-69,-99
13,5
-26,-2
-22,-100
-26,76
-37,30
-23,-100
66,-10
-50,-100
-11,-83
14,-47
-10,59
-32,-95
-56,-41
5,100
-36,64
11,15
-47,96
-21,-40
30,-100
-31,88
4,53
-22,-50
-33,34
-27,-49
1,-78
5,-100
-43,95
-61,-90
-44,35
-27,66
-62,-23
3,-95
-46,-30
-57,96
-27,99
-9,-48
1,100
-4,-94
-4,2
-12,-8
-41,-100
-2,7
23,27
-3,-100
26,-59
-37,-100
16,-56
-31,-75
-33,98
-4,83
-34,-47
-34,30
-16,-75
-4,89
16,-10
-23,-99
-35,62
-19,-100
-18,-32
-38,-94
-44,-13
2,100
-12,96
-22,76
2,-98
-6,91
-52,-99
-45,-71
-28,-91
19,-89
-12,33
-61,-100
-21,-97
-6,-48
-10,-2
-55,94
-3,31
-25,-100
-6,-18
-12,-56
-39,-100
8,95
-36,8
-20,-82
-61,-32
-38,-97
-57,-20
-56,-23
-14,-45
-18,64
-44,-21
-12,59
59,-100
6,-95
-31,90
1,5
-57,-96
-48,-57
-18,-100
-31,34
14,-82
-14,-90
-38,-99
5,92
11,19
-20,-83
-1,-98
-29,-75
25,94
-26,-99
-3,-100
12,7
-35,-100
29,53
-21,-100
-45,-84
-36,-100
-9,86
3,-92
-18,18
30,97
-8,25
-36,-100
19,-93
1,35
-27,-26
-30,-10
2,89
-32,-94
-27,-46
-5,-48
15,77
-9,-57
-27,-100
-27,-2
-43,47
7,95
30,-97
27,57
25,-100
32,-84
-7,11
-26,47
-31,-91
-29,-99
-9,74
0,-100
-11,-98
9,-76
-28,-100
-29,72
-28,-55
-8,-76
-8,79
-35,-95
-56,47
-46,-69
-1,-99
-35,-100
-54,-98
-12,34
17,-58
-15,-21
23,-100
-37,-89
-2,83
-20,-49
-27,75
-22,64
-22,33
13,98
-53,51
-38,55
-51,-96
-26,93
-14,87
-4,78
32,-7
-13,-97
-22,15
-4,62
-34,38
-30,-100
27,-100
42,69
-46,87
-21,-74
-41,-100
6,96
-43,-98
0,83
-30,98
-29,31
16,26
-11,-95
-6,89
-23,94
24,18
-10,20
0,-4
-40,-76
20,-32
-14,-94
-17,-37
7,80
-23,-100
-41,-100
-6,-100
-5,-94
-59,-97
5,-100
-17,-100
-29,-27
-42,44
-26,-92
-53,45
-42,-7
-49,-91
-31,-100
25,-98
-38,-99
-14,-87
-1,93
-2,-98
44,-91
-6,62
-16,-100
6,-94
-37,78
-26,-6
11,-99
-8,-100
-14,27
-20,-84
-30,22
-44,-60
-18,-77
-41,-100
-49,-100
-14,-100
-7,82
-43,-94
-33,-44
-9,92
-12,-100
-21,-100
-32,-65
-25,-20
-24,-95
-41,-100
-11,-32
-22,-99
-40,-100
-14,-99
-7,61
-8,-90
-53,34
-46,-100
-8,-20
-8,-95
-17,51
-8,92
11,-29
40,33
0,-72
-18,-59
-17,-68
-23,-91
-46,34
45,95
-20,7
-36,-94
-11,-99
-16,0
-2,32
-70,-100
-31,95
16,-99
5,-96
-40,21
-46,-19
15,85
-35,-7
-46,-68
6,34
46,99
-9,-91
34,-63
5,-39
-10,-5
-7,-96
14,-100
15,-49
-6,-100
-5,-89
-9,-100
-19,-100
-18,84
-29,-92
-47,-92
-2,-97
-39,-21
22,-76
23,48
-39,31
-8,-62
-15,100
2,-38
-12,15
-44,12
-40,63
-15,-24
-15,-57
-19,-15
-41,-90
-10,-27
-41,-99
-12,-93
-27,-66
-24,18
10,37
5,47
-42,-63
34,55
-10,-95
-13,10
-42,-99
11,-97
-40,77
-17,-97
3,66
-23,-97
-33,-62
14,74
-31,1
-16,2
-34,100
32,98
-31,48
-12,-99
-15,-100
-20,-95
-30,-96
-21,96
35,2
-38,-100
-34,-100
-44,94
-35,-21
-39,42
-62,-96
-49,58
11,-56
-42,-49
-65,-99
-32,66
-22,-77
-42,-58
-41,-98
-33,-81
-10,-96
14,100
4,94
-39,-100
-12,-100
-29,-29
-10,-75
-32,3
5,74
-25,-99
-64,94
-20,-100
-45,-94
-23,-96
-32,-92
7,35
-21,77
-30,-87
-10,-97
-20,85
-32,-56
-36,55
-46,-80
-19,-93
14,98
-66,-100
-44,-98
-47,-70
-8,-97
-42,-100
-4,92
-16,-17
-9,-8
45,76
-33,-53
-6,-81
-2,-100
-9,-82
-29,52
-10,-80
-53,-96
13,-99
-10,67
-10,84
-38,-100
-20,-100
-37,-100
-36,-76
-32,51
-24,-65
5,73
33,58
-20,-100
-26,-72
13,1
-25,69
-51,81
-20,-100
-10,-12
18,-93
-77,-49
-22,-100
-29,-100
11,98
-66,-93
-3,-100
2,-100
6,93
-42,-4
-23,-99
-16,-96
77,-80
2,57
-21,-67
-7,84
6,-73
-8,-8
-33,-77
-15,-74
-54,-84
-9,66
-12,85
-13,-53
-24,92
-1,31
9,-95
-16,-42
-23,84
-38,-79
1,-92
27,91
-22,-84
-18,-99
-31,3
-20,-83
-46,-100
-19,60
-13,34
-24,-68
-4,-13
-33,-98
-36,-100
9,-98
-32,-24
-65,10
-44,59
-23,96
-9,-99
32,22
-23,88
-39,38
-49,-99
-30,-65
8,27
0,99
-31,-84
-4,-100
-22,-82
-59,-93
14,13
-9,100
-25,65
17,-75
-46,-93
-6,-30
-47,16
-20,-2
25,89
20,-97
2,81
-15,-99
-68,-72
-19,72
60,-7
-43,-93
-34,60
4,-100
-36,-74
-28,28
-19,-98
-6,-59
-29,46
-4,-7
-39,-98
-29,44
21,-94
-15,37
-2,100
-42,16
-3,3
-41,66
12,-81
-24,57
1,-78
-44,-77
-37,-51
-52,-100
-12,-100
31,-64
-22,-100
-8,-73
-36,66
-40,34
2,95
-11,-98
-22,-100
-14,11
-23,-100
-9,57
-30,-100
-53,-93
-40,35
-17,-100
55,-100
-18,-9
-46,-95
-50,-100
-40,62
-31,-100
-41,-100
-22,28
-28,100
-38,-75
-13,63
21,19
-36,-8
-23,-100
-33,-55
5,-20
-14,-64
-17,-99
-9,-98
24,31
-14,34
-41,-99
-19,-75
-49,-100
2,-19
-41,-80
-20,-41
-35,99
-35,-80
-28,95
37,-7
-76,-100
-2,-100
-21,-99
21,99
-29,-99
-33,44
-42,98
5,-100
-5,-92
-39,-90
27,-49
-35,-77
12,85
-9,-97
-26,-28
-35,80
-35,91
-23,-78
-30,-83
-49,-99
-46,-16
-64,18
-22,67
-21,24
1,80
-13,-69
3,-17
-16,-95
17,96
6,-99
-25,21
8,68
-34,20
-2,100
-33,-98
-6,72
-11,-93
21,51
-4,-86
-55,68
16,26
13,85
-55,-100
-19,-100
-11,61
-8,-31
-21,-73
-27,9
26,36
-43,59
11,-96
-43,-95
15,-93
-6,73
-19,-90
12,-57
-43,75
-21,-66
-44,38
-35,-73
-23,94
-6,97
-45,-98
-19,99
-30,-53
-19,15
-38,76
-10,79
-10,-55
-32,-98
36,89
-8,57
-12,-86
7,68
-5,4
29,-82
-22,-98
-38,90
1,38
-19,40
-14,-95
21,-6
-16,73
-14,-100
-39,92
-26,77
-4,-88
-39,69
-50,88
-24,-42
-16,83
-36,99
23,100
-20,82
15,41
-19,-90
-9,-74
-16,47
-16,-100
-62,-81
-16,-100
11,91
6,100
-13,-76
-19,-66
-12,-94
-40,-82
-43,-100
-11,55
20,-42
-2,-44
-3,-64
-34,66
-7,-34
79,-99
-11,-100
-2,-97
-4,97
-3,-99
4,-4
-45,77
-29,-97
-17,-100
-39,-98
12,83
-33,-100
16,-95
11,52
7,-83
-31,80
-26,-64
-3,-67
-11,97
-31,-77
-16,99
-23,-99
-25,-55
-45,-66
-45,-99
5,-100
-23,-91
1,-29
-36,-15
-12,-83
8,63
-18,-20
0,47
-14,74
-52,-5
13,100
-53,45
-17,-100
-7,-100
-55,28
-38,-55
-12,-96
-9,-98
-22,-96
-39,-30
-20,66
7,-94
11,88
-1,-67
-40,-100
-24,-75
-23,-31
-27,-99
-35,-69
-47,-98
6,94
31,41
-40,82
-27,-52
-20,-20
-33,97
2,2
-28,-89
23,-99
-15,-96
20,-94
25,-99
75,86
-25,-92
7,-78
-29,-94
-24,-86
-40,36
-24,-100
-35,-3
-13,-96
-14,-100
-18,-100
13,94
3,-8
19,-52
-25,-100
-13,-99
-28,-85
-23,81
-32,-100
32,-100
-18,-100
-12,32
32,25
-40,43
-43,-98
9,-96
-22,-96
-16,63
-25,66
-21,-66
-27,-25
-6,-23
8,-7
-20,-79
19,96
-35,-99
-15,-6
-32,96
-9,50
-2,-99
-36,-99
-22,63
-48,-100
-15,-46
2,87
-17,-80
-23,-65
18,64
-41,-93
-1,25
-36,-95
-55,-100
-32,61
-29,-100
-8,56
-66,86
-51,-66
-23,-44
29,45
-43,-88
-38,-100
-24,-40
-41,-98
1,94
15,35
-20,80
-75,-33
-24,-100
-19,63
54,95
12,-100
-17,-94
-41,-93
-33,-73
-15,-91
-33,-99
-40,-87
-31,-87
-46,-98
-7,70
-21,31
-39,35
4,-97
-25,0
-9,-26
-38,-91
51,99
-12,11
27,-21
-20,87
-15,-92
6,15
16,24
-41,-58
-5,85
-20,70
-36,-94
-26,-99
0,98
10,-18
-23,-48
-50,-99
-41,17
2,59
-15,-100
-48,-99
9,-99
8,-86
-13,-97
5,41
-14,-36
2,98
-36,1
-5,-98
-52,-96
-19,59
6,-100
-51,-11
-17,-99
-39,-57
-49,-99
-11,99
-24,-3
-33,-78
-52,1
-40,59
-5,100
13,45
-33,-42
-42,-100
-22,52
-23,-89
-21,-56
-1,96
34,11
1,97
-32,91
-30,100
-11,-56
-19,-97
28,-61
-15,-100
-37,95
-1,-70
-25,-78
3,51
-15,-63
-40,82
-34,-100
-46,43
-31,-100
-13,22
-21,-100
-39,-84
25,-89
2,-100
-29,-86
6,-100
-18,75
-41,-78
15,93
6,-57
-39,-6
1,-100
-34,-97
6,-100
-34,-87
-35,-46
-30,-98
-11,51
-17,-47
-24,-98
-50,-100
-17,-18
-28,-100
-23,35
-30,66
-39,-100
23,-71
-10,99
-47,-8
19,-79
-13,94
-19,57
-22,-81
-10,-14
-24,31
-36,19
-13,-54
-26,38
-22,-100
17,77
30,-47
-51,-71
23,-100
-24,-99
-19,-89
-22,-100
-17,8
-16,-70
-8,32
-49,-46
44,-99
-8,20
-32,-100
30,97
-38,-91
-28,93
-4,-41
-3,-74
-27,-94
-25,49
28,-30
-14,-100
-34,-99
16,58
-54,-56
14,87
-9,-68
-18,-98
18,91
1,24
-9,-100
-36,-80
-33,-96
80,-87
-10,-96
15,45
9,-100
14,-100
-20,-100
21,-56
-13,-83
-5,90
20,-99
-21,-100
-20,-98
-28,-100
1,-26
-22,-100
-14,78
31,63
-26,-79
25,11
-53,-100
3,-68
-18,72
-42,-89
-33,-100
-19,4
-46,79
-14,81
-8,28
-23,-43
-24,98
-17,90
-40,-93
1,58
-30,-90
-39,9
-11,-77
6,81
-38,-74
1,35
16,68
-21,-100
-32,79
24,100
-40,26
-49,57
-57,35
-23,-37
-15,-92
11,-14
-22,90
37,35
-28,31
-37,55
-38,-48
-33,-49
-64,87
18,35
-17,35
-16,-100
-5,93
-22,-31
9,-16
-23,-98
-38,-87
-18,45
-4,-93
-58,-100
9,-59
-38,46
-35,-100
-9,92
-43,30
-23,99
-6,-100
-10,9
0,-100
21,71
7,97
11,10
-38,43
6,-100
4,-100
-43,-4
16,85
-14,43
-24,27
-28,-100
-24,-99
-5,-83
5,-76
-30,-69
-5,-70
-22,-37
-28,-99
-31,-71
-41,-99
38,-100
64,-5
-46,-100
60,29
5,-89
-26,76
-12,-74
-33,15
31,-21
-25,-22
0,45
-26,67
-39,4
10,-4
-40,-99
-33,-99
-38,27
-35,-32
4,-100
-39,-34
-41,45
-45,-45
-48,-39
-52,-98
-47,-82
24,-54
2,-100
-20,-100
-31,-85
-16,-96
-39,-100
-29,-42
22,99
-13,-76
-41,-95
-16,-99
-47,91
-41,-10
-27,-89
-9,61
-37,-100
-37,-80
-6,-100
-10,26
-3,-77
-20,-53
4,-81
-17,-96
-60,-66
1,50
9,-32
-37,-26
-16,-54
-19,-80
-24,-100
-46,-66
-13,-8
-32,-26
-56,54
-23,-86
14,-82
41,-97
-23,55
-35,4
-36,88
-25,-99
-28,94
-3,-79
-29,-100
7,51
-36,-92
-19,91
-42,-83
-33,76
-30,-100
-32,97
-55,-100
-29,3
-24,-49
-28,-50
-24,87
-15,-61
-4,-65
-19,-100
-19,-96
-9,13
-36,-100
5,-100
-31,-99
-11,-95
-39,-100
-20,-100
-16,-64
16,2
-12,69
-18,94
-48,35
-20,-97
8,-69
-27,-97
-26,-29
17,97
-32,45
-4,-18
-39,-79
-31,32
-35,-13
-60,-38
-40,74
-74,-100
2,-99
59,51
-27,92
-39,-28
8,-100
-5,89
-6,-100
-29,-100
-2,-97
19,-21
-25,-100
-10,-87
-29,40
-50,41
-3,93
31,-99
-16,54
-50,3
-9,1
-34,-100
-40,-100
-2,91
3,69
-12,44
-9,-69
-15,-17
-6,-57
-21,98
-25,-100
-7,61
13,-100
-15,28
-22,-100
-12,-25
13,-73
-36,-99
-35,-42
-42,-92
-50,27
-48,-94
-37,-92
-4,23
-10,-19
-45,-32
-28,-77
-17,-84
16,-87
-10,-100
-9,-97
9,100
-67,-87
-35,-76
-9,-31
-16,95
-24,-99
-41,-95
-39,-9
-35,-61
22,-100
3,-20
-36,-23
-5,22
-16,-51
-16,-26
-5,82
-40,-100
-7,-98
3,-94
-5,-40
0,90
-16,-85
-19,-71
-42,85
-1,-28
-31,-100
-30,8
-55,54
-67,-99
-56,-90
-20,-42
-29,-100
-36,11
-38,37
-39,95
-3,-74
4,-85
-17,-89
8,51
-28,-78
-51,-89
-3,100
30,14
24,92
-23,-100
-56,-26
12,81
-54,-52
-21,-41
-54,-82
-38,-100
-40,-100
-25,-42
8,63
-18,-38
-19,80
-29,-99
21,-72
-21,99
2,95
-25,-25
-1,-74
-25,-100
-55,7
-8,-71
-13,100
-31,-48
-6,35
-51,95
17,26
-39,82
-35,-100
-37,82
-32,-64
-10,-72
-37,-100
-9,-14
-44,64
-33,-55
-33,-90
11,-100
-14,51
-26,-9
-39,-86
-12,-89
-15,75
-46,86
-37,-79
-47,-94
25,89
-41,70
-18,76
-45,-38
39,98
-9,-48
-16,47
73,-50
1,-100
-55,-100
4,-100
-48,-94
3,89
-15,-59
-41,-17
-17,-81
7,98
18,92
-23,-8
-55,-99
-58,-29
49,10
-8,-88
-30,-76
-24,-100
-32,-80
-26,-25
28,99
-32,-20
-45,-98
15,-5
-25,-61
-40,-24
9,-9
-9,-31
-8,-71
-21,-96
-32,-100
0,-99
-21,-32
1,-65
-13,10
-24,92
-34,60
-30,15
1,-37
-6,-97
-30,24
52,53
3,90
-11,61
-25,52
-13,88
-29,100
-27,35
-48,-99
-20,-34
13,14
-19,69
-31,-5
-9,-49
6,-98
-2,-100
-19,-28
-20,59
-23,-55
-36,-88
-30,-98
-40,1
-23,-70
12,96
-24,90
-13,-16
-20,-73
10,-62
-20,-99
-17,37
-17,99
-35,-62
-22,46
-21,-59
-5,78
2,91
-33,-20
-10,34
-42,-100
-20,-65
-19,86
-34,-99
-6,10
-5,72
-20,37
-19,-96
0,-100
5,1
-56,-96
-29,-94
39,-97
-19,51
11,-100
-3,-96
-30,-19
27,58
-53,84
-32,-97
-19,-100
10,6
-55,-100
-24,-33
-23,85
-30,61
-33,72
-9,12
-8,100
-42,-83
20,-100
-6,10
-25,4
